"구분(1)",1999,1999,1999,1999,1999,1999,1999,1999,2000,2000,2000,2000,2000,2000,2000,2000,2001,2001,2001,2001,2001,2001,2001,2001,2002,2002,2002,2002,2002,2002,2002,2002,2003,2003,2003,2003,2003,2003,2003,2003,2004,2004,2004,2004,2004,2004,2004,2004,2005,2005,2005,2005,2005,2005,2005,2005,2006,2006,2006,2006,2006,2006,2006,2006,2007,2007,2007,2007,2007,2007,2007,2007,2007,2008,2008,2008,2008,2008,2008,2008,2008,2008,2009,2009,2009,2009,2009,2009,2009,2009,2009,2010,2010,2010,2010,2010,2010,2010,2010,2010,2011,2011,2011,2011,2011,2011,2011,2011,2011,2012,2012,2012,2012,2012,2012,2012,2012,2012,2013,2013,2013,2013,2013,2013,2013,2013,2013,2014,2014,2014,2014,2014,2014,2014,2014,2014,2015,2015,2015,2015,2015,2015,2015,2015,2015,2015,2016,2016,2016,2016,2016,2016,2016,2016,2016,2016,2017,2017,2017,2017,2017,2017,2017,2017,2017,2017,2018,2018,2018,2018,2018,2018,2018,2018,2018,2018,2019,2019,2019,2019,2019,2019,2019,2019,2019,2019,2020,2020,2020,2020,2020,2020,2020,2020,2020,2020,2021,2021,2021,2021,2021,2021,2021,2021,2021,2021
"구분(1)",배출원대분류 합계,에너지산업 연소,비산업 연소,제조업 연소,생산공정,도로이동오염원,비도로이동오염원,폐기물처리,배출원대분류 합계,에너지산업 연소,비산업 연소,제조업 연소,생산공정,도로이동오염원,비도로이동오염원,폐기물처리,배출원대분류 합계,에너지산업 연소,비산업 연소,제조업 연소,생산공정,도로이동오염원,비도로이동오염원,폐기물처리,배출원대분류 합계,에너지산업 연소,비산업 연소,제조업 연소,생산공정,도로이동오염원,비도로이동오염원,폐기물처리,배출원대분류 합계,에너지산업 연소,비산업 연소,제조업 연소,생산공정,도로이동오염원,비도로이동오염원,폐기물처리,배출원대분류 합계,에너지산업 연소,비산업 연소,제조업 연소,생산공정,도로이동오염원,비도로이동오염원,폐기물처리,배출원대분류 합계,에너지산업 연소,비산업 연소,제조업 연소,생산공정,도로이동오염원,비도로이동오염원,폐기물처리,배출원대분류 합계,에너지산업 연소,비산업 연소,제조업 연소,생산공정,도로이동오염원,비도로이동오염원,폐기물처리,배출원대분류 합계,에너지산업 연소,비산업 연소,제조업 연소,생산공정,도로이동오염원,비도로이동오염원,폐기물처리,기타 면오염원,배출원대분류 합계,에너지산업 연소,비산업 연소,제조업 연소,생산공정,도로이동오염원,비도로이동오염원,폐기물처리,기타 면오염원,배출원대분류 합계,에너지산업 연소,비산업 연소,제조업 연소,생산공정,도로이동오염원,비도로이동오염원,폐기물처리,기타 면오염원,배출원대분류 합계,에너지산업 연소,비산업 연소,제조업 연소,생산공정,도로이동오염원,비도로이동오염원,폐기물처리,기타 면오염원,배출원대분류 합계,에너지산업 연소,비산업 연소,제조업 연소,생산공정,도로이동오염원,비도로이동오염원,폐기물처리,기타 면오염원,배출원대분류 합계,에너지산업 연소,비산업 연소,제조업 연소,생산공정,도로이동오염원,비도로이동오염원,폐기물처리,기타 면오염원,배출원대분류 합계,에너지산업 연소,비산업 연소,제조업 연소,생산공정,도로이동오염원,비도로이동오염원,폐기물처리,기타 면오염원,배출원대분류 합계,에너지산업 연소,비산업 연소,제조업 연소,생산공정,도로이동오염원,비도로이동오염원,폐기물처리,기타 면오염원,배출원대분류 합계,에너지산업 연소,비산업 연소,제조업 연소,생산공정,도로이동오염원,비도로이동오염원,폐기물처리,기타 면오염원,생물성 연소,배출원대분류 합계,에너지산업 연소,비산업 연소,제조업 연소,생산공정,도로이동오염원,비도로이동오염원,폐기물처리,기타 면오염원,생물성 연소,배출원대분류 합계,에너지산업 연소,비산업 연소,제조업 연소,생산공정,도로이동오염원,비도로이동오염원,폐기물처리,기타 면오염원,생물성 연소,배출원대분류 합계,에너지산업 연소,비산업 연소,제조업 연소,생산공정,도로이동오염원,비도로이동오염원,폐기물처리,기타 면오염원,생물성 연소,배출원대분류 합계,에너지산업 연소,비산업 연소,제조업 연소,생산공정,도로이동오염원,비도로이동오염원,폐기물처리,기타 면오염원,생물성 연소,배출원대분류 합계,에너지산업 연소,비산업 연소,제조업 연소,생산공정,도로이동오염원,비도로이동오염원,폐기물처리,기타 면오염원,생물성 연소,배출원대분류 합계,에너지산업 연소,비산업 연소,제조업 연소,생산공정,도로이동오염원,비도로이동오염원,폐기물처리,기타 면오염원,생물성 연소
"전국",885179083,22553597,53713983,13838184,29630722,717583508,46284249,1574841,900568657,24406735,55337775,14295419,29204110,727548094,48001450,1775074,845076039,26731641,56470200,14299562,21764991,677180397,46895469,1733778,822766932,27524404,54791279,15098737,21751227,647090860,54530197,1980226,805414197,28133745,55008569,14912260,22022234,625812249,57399008,2126132,816954235,32521890,60050492,13866781,20077171,636937957,51414678,2085267,788917218,35889403,79758633,14341646,22881899,584484514,49613094,1948028,829937640,39289642,88521578,13786280,21702124,610762418,53610576,2265022,808861571,40359908,80155126,15423534,21770751,546492555,95559149,2230802,6869746,703661185,39877727,86386737,13024915,18376906,483446060,52396475,2621097,7531270,817979439,42999695,82828318,15968264,17909175,583722517,65806751,1011089,7733629,766268728,50628564,83434948,17706444,19719369,520386303,66793372,955122,6644606,718344514,56201620,79803909,19179137,21405807,463542566,68290360,1860665,8060450,703586153,59190461,79152370,19140958,20647607,442671984,72950427,3299831,6532521,696681964,63457412,87531743,20125384,24911941,409218262,82615263,1957361,6864598,594453525,57855992,76594218,18716440,25855382,281225137,126102966,1644859,6458532,792775758,55138281,72298628,16854190,26068954,245515823,135700316,1547579,7196815,232455175,840892101,59454770,67694063,16843189,27339726,245305559,181429502,1809379,6977293,234038619,835597356,62765342,62711416,17295098,27750266,238983975,189509243,1904876,8655575,226021565,801796431,69497504,58168790,18861866,27866415,212892124,189556299,1835294,7556299,215561840,752712617,64613903,47629948,18865121,26766295,176308254,187298301,2036466,10552062,218642267,711399328,61608835,41801604,17907046,24952077,151787688,184386038,2311866,9865483,216778691,694817173,68449806,40898197,19190970,25825973,134628876,176632970,2235420,6472808,220482153
"서울특별시",187689188,592956,11490385,257931,-,171207044,4042820,98053,193907158,664897,11259240,277312,-,176447454,5129583,128672,185166213,651786,10828792,355636,-,168256084,4916290,157625,170746245,674756,9657447,340511,-,152797275,7119466,156790,166006456,571494,9142701,335342,-,148377317,7407126,172476,161153974,524276,10020481,222093,-,145525012,4688887,173224,161873459,580415,13227774,458146,13,140202026,7192814,212270,159769899,479594,13870434,309007,-,141927259,2947375,236230,143110161,809316,13022307,428480,0,108789073,18845562,282654,932769,114549997,640073,12837740,246406,-,95976712,3482587,368140,998340,145101986,501118,14401991,170225,0,124703696,4258890,125309,940756,130292138,743519,14530604,83301,0,109327627,4719580,96219,791289,113308974,742284,13917024,213098,-,91637564,5841032,134676,823295,106189660,838643,13492529,86598,-,84429928,6296182,190349,855431,103038526,795696,17817601,77109,-,76898129,6528172,82118,839701,62206030,423301,9557306,90890,-,45396040,5797073,75305,866115,53677893,369918,9458586,115217,-,35827750,6697358,67165,882836,259065,57422880,349529,10026208,83880,-,37512630,8181090,99909,959541,210094,58898513,372114,9883130,73896,-,36148736,11229958,82200,892778,215701,60158742,332858,9984701,66084,-,31279392,17284530,62682,947514,200981,45358052,481018,9052460,63760,-,24574113,10040195,89335,876211,180960,42125183,1401355,8169260,59558,-,20895033,10303142,95417,757897,443521,36906754,1463731,8316960,48739,-,17750583,8109594,102548,736496,378102
"부산광역시",55406177,28865,2310344,421460,48318,49612841,2785756,198593,52333174,30583,2372569,473173,24740,45782516,3468523,181069,55150971,54740,2655000,574181,22552,48329917,3410341,104240,56935934,22222,2700051,1014007,24554,48400697,4664456,109947,47850165,288615,2662717,448262,21008,39475398,4829364,124800,50187377,2362989,2512269,1943344,16516,39639866,3561517,150875,51202521,2338643,2679363,577630,13544,41818925,3631927,142489,55211067,2700672,2939974,588883,14437,44068415,4704092,194594,52421030,3001855,2659714,607105,18550,40875003,4733454,143951,381397,41448705,2277283,2624352,489450,18512,31976718,3463459,143005,455926,50112388,2469546,2932744,609544,13600,38543765,5069965,17102,456122,42220582,3258281,2899321,602415,19072,31161336,3900110,18900,361147,37742815,3041565,2585613,572469,20441,25682501,5326673,15752,497801,36880381,2350522,2501493,624468,18943,25713292,5309110,17227,345326,36078678,2961252,2223544,508922,1149,24475333,5505310,56512,346657,25559582,3114823,2314449,556061,1213,14233172,5019754,15263,304848,22019004,1637415,2335033,520027,1498,11106299,5473854,25093,295246,624539,27128399,2046755,2444315,513288,881,11590196,9561914,32216,328599,610235,28284528,1551579,2173613,510955,-,11938709,11054461,29121,388748,637342,26822829,2312963,2068608,633067,-,10501881,10220078,20667,460399,605166,24525124,1755381,1773977,549879,206,8855398,10466293,37428,465603,620958,22210479,1873739,1645561,518101,1,7548670,9381243,45056,372391,825718,21919535,2109174,1661348,523850,-,6688493,9791762,68085,338628,738194
"대구광역시",36611520,136387,2106062,676302,529,32617473,977697,97071,39476957,127971,1962310,706424,173,35074959,1515368,89752,36710520,128619,1843248,697817,861,32142867,1801696,95411,32776079,126788,1850984,543845,1245,28514502,1650420,88295,34442252,119053,2055803,468467,54,29509640,2209853,79382,41012618,149657,3020650,313622,-,35361665,2091066,75958,38251011,134573,4652024,467189,-,30370042,2552162,75021,43146046,130547,5714605,384297,-,34363778,2482052,70766,38271846,130965,5291826,389345,408,29405733,2659185,94959,299425,33081043,139505,5975563,165463,662,25125253,1206541,100953,367103,38182143,143192,5192793,335350,723,31023646,1104461,35425,346553,34572210,149403,5073095,409152,1270,27661393,953217,38376,286303,33058487,238403,4645047,383205,1635,26055600,1369184,68795,296618,32290730,189184,4688558,400780,1475,24812317,1861066,75943,261407,31526787,143369,5053982,331068,1499,22497621,3191350,79084,228813,21607780,126423,3262858,440961,1223,14567699,2861394,83595,263627,20440709,784513,3069529,370563,1295,12349319,1889700,98030,270978,1606783,20446160,864291,2848455,335347,805,12099630,2257272,139497,259012,1641851,18683893,736353,2648262,336034,-,11389153,1573627,170399,241086,1588979,17414373,727262,2456425,316205,-,9841586,2263167,157834,214988,1436905,16256032,765582,2015294,297584,122,7910511,3502612,144783,201341,1418203,13535192,694253,1748003,264576,0,6921699,1727060,178879,184052,1816668,12206526,637280,1743145,306099,-,6126550,1159801,144411,177552,1911687
"인천광역시",39972103,4757675,1528827,734079,690327,30363888,1850828,46480,47184528,4577570,1143661,778069,972083,37390864,2275427,46853,52197269,4969972,907601,1169698,889672,41182842,3034354,43129,48279627,5246848,868407,1104560,431512,36774919,3758280,95101,45911163,4872533,811187,836027,593291,34653613,4017119,127394,48693667,5988974,784202,657012,522446,36344331,4289730,106973,45217979,7201813,757608,904982,698979,32509947,3048616,96035,50697957,8460018,764453,1226533,769450,36184956,3134172,158374,58040668,9986817,739713,906118,1012298,36855329,8044700,179064,316629,47726789,9594466,696735,641586,574416,30606580,5095024,185859,332123,45030929,9612321,1046327,721382,583850,27715157,5037612,25959,288321,45329019,12700125,1219006,841949,552438,22637651,7000978,50158,326714,41491008,13490560,1039367,806418,577436,20142158,5058433,100828,275808,40057113,14831512,1026477,857629,618991,17574491,4787145,119927,240943,41461063,16560654,1276476,1019131,482197,15492034,6266377,129654,234541,37199332,14012782,2307125,957879,891509,12695206,5866835,193149,274849,38917440,11154411,2198717,746144,895122,11894613,9052935,132540,287103,2555856,38746700,11036412,2109215,808701,900376,12430849,8842153,123169,282783,2213043,43627053,9708542,2031235,835026,1096022,13604828,13850459,127823,246301,2126816,39709430,10361144,2031640,874215,981661,12670807,10261425,94336,242572,2191630,36690877,9793881,1746532,785393,741848,10220828,10897455,146008,227004,2131928,32136134,9879652,1596601,729897,630443,9111271,7668468,101704,220511,2197588,30572983,11207019,1666904,815098,718875,7906544,5782135,99373,190823,2186210
"광주광역시",22396860,-,1984445,114349,-,19538755,753877,5434,21464492,-,1923502,134067,-,18406178,920770,79975,18029495,-,1997303,146303,-,15071545,750915,63429,22573328,-,1895857,115582,-,19466259,1025316,70313,19360000,-,1779323,1049543,-,14945137,1538862,47135,18362831,-,1902077,160974,-,15314050,931696,54034,16412867,-,2486717,138734,-,12905097,828107,54212,16647186,-,2836730,109826,0,12137659,1461816,101156,15400739,0,2503425,112126,108,11242927,1326968,53031,162153,14870225,-,3024049,35400,152,10565686,927951,55634,261353,17752672,0,3465596,113220,199,13542731,387737,7845,235343,15215573,162623,3282434,157260,524,10623384,787007,9931,192410,14487372,104820,3121074,267712,681,9598079,1198070,13227,183709,14455620,89120,3113871,149008,705,9240922,1679182,17700,165111,13869330,172345,3149981,132953,727,8636986,1591352,17969,167017,9144697,119033,1397243,171427,652,5878185,1409418,17832,150906,9187783,100442,1307830,155347,839,4951847,1098237,15935,150114,1407191,9405542,106969,1300323,163819,630,4678182,1598374,15626,142200,1399420,9784154,116279,1256780,174072,-,5001952,1817253,12485,137814,1267519,8123760,117201,1213367,167292,-,4205801,1029144,15011,128587,1247358,7604469,115303,1034394,160846,103,3438243,1515197,18168,125587,1196629,7040018,116402,932168,150670,0,2987164,1290532,30304,131421,1401356,6400237,120256,934860,168519,-,2624336,906472,38331,110541,1496924
"대전광역시",20509899,97984,1539803,132453,-,17856276,777407,105977,20740851,93709,1913563,121058,-,17334141,1190422,87957,20182833,92032,2371411,117219,242,16319035,1177762,105133,19556350,91487,1962121,92965,476,15930094,1377542,101665,23975235,87611,2109654,86313,-,19617276,2035885,38496,22299285,93063,1981706,57131,-,18794262,1329949,43175,23674090,82279,2845444,92365,-,19689072,898328,66602,24752721,82295,3813451,90188,26456,19946835,715207,78289,22653143,85267,3536682,99271,61102,17299116,1298448,41356,231902,21783500,81930,4312373,38708,283,15519946,1430331,159892,240036,22990868,84675,4264561,113793,327,16972027,1327477,8121,219888,20260577,86788,4287034,106368,462,14393355,1153619,18979,213972,19709141,113432,4095948,135504,554,13255846,1889145,17034,201677,18378258,165414,4048554,161365,813,12810856,966187,18025,207044,18124342,144389,4677909,124406,918,11775752,1192560,18963,189445,11897441,78943,2431628,137014,820,8092837,933814,26959,195426,11891648,105366,2242720,110344,839,6928278,1198391,29529,192956,1083225,11684490,114483,2215778,102174,461,6753034,1124843,35391,151898,1186428,11582765,116423,2112441,109997,-,6636682,1215373,33004,163339,1195506,10809250,129408,2052448,130275,-,5770626,1369318,41859,162974,1152343,8871281,122076,1747144,139709,40,4536328,1108037,36269,133562,1048115,7898760,124142,1551932,134748,0,3742220,1008036,23353,129091,1185239,7425518,118368,1577748,132905,-,3194411,1005313,19842,119395,1257537
"울산광역시",36018718,2095680,424465,2365493,16762023,13031997,1321612,17448,37891204,2614199,490241,2526707,16921371,13768573,1501098,69016,32196701,2895864,496320,2173871,9880857,15201527,1465458,82804,32571518,2737291,532326,2226856,10880140,14496220,1608417,90267,30643998,2554287,535139,2166103,10135074,13716295,1387204,149896,31049233,2714909,521139,1966845,10946392,13217443,1549464,133041,32591380,3090424,508809,2226189,13150821,12218624,1304029,92485,33828571,3121905,421771,2567133,11761202,14124113,1743848,88598,34615316,3315183,390168,2470652,11276433,13530896,3312454,93129,226403,28736543,2838783,389242,2031551,8502641,12975773,1682838,89837,225679,31630295,2613395,497329,2947746,8811238,14685925,1814955,24098,235609,31300231,3158145,558000,3602357,9060684,12704772,1999721,23564,192989,31094423,3564062,526318,3248593,9771005,11543043,2178558,55339,207506,31481956,3755975,487398,3903747,8697770,11651126,2630410,193877,161654,36185363,4353298,527710,3518746,13635011,10913724,2416005,192432,628436,30855793,3457993,771921,3460697,13738670,7143072,2007984,139602,135854,30456208,2987657,789460,2625483,13452333,6271805,2398462,167565,132093,1631351,32104512,3332173,840269,3192714,14358716,5861873,2540774,144220,138177,1695596,31580213,2991513,802225,3667095,14616521,5390639,2107950,180332,169393,1654546,31505370,3744977,779307,4236280,14582342,4589614,1676029,138304,138778,1619739,29219465,3463854,691898,3985805,13623477,3957623,1772968,139812,112031,1471997,27506621,3160824,628801,3304151,12684515,3528789,1503547,217880,884492,1593622,27606964,3441398,627671,3967642,13120789,2969778,1479406,232436,123417,1644429
"세종특별자치시",-,-,-,-,-,-,-,-,-,-,-,-,-,-,-,-,-,-,-,-,-,-,-,-,-,-,-,-,-,-,-,-,-,-,-,-,-,-,-,-,-,-,-,-,-,-,-,-,-,-,-,-,-,-,-,-,-,-,-,-,-,-,-,-,-,-,-,-,-,-,-,-,-,-,-,-,-,-,-,-,-,-,-,-,-,-,-,-,-,-,-,-,-,-,-,-,-,-,-,-,-,-,-,-,-,-,-,-,-,3787511,-,36516,61279,1514,1301856,2337926,16738,31683,4338096,171544,208448,60697,2712,1490064,2344166,27598,32866,2734312,740847,199327,69193,2787,1111172,542540,28165,40281,4840314,604996,406581,71608,3073,1142759,1308276,29703,37487,1235833,5750292,770726,196815,77591,2291,1302039,1696101,15599,44892,1644238,5257780,842254,198963,92182,-,1416136,1095941,21931,47102,1543270,5042027,1024455,181030,85886,-,1344950,894466,30321,36630,1444289,4191154,705110,155604,103353,301,1125374,610401,29471,29657,1431883,4357376,977480,137034,92627,1,943686,719306,31754,30877,1424611,4266825,1028050,143791,106545,-,824571,462800,41432,27510,1632127
"경기도",153664354,4641231,7065204,2603734,53189,127564210,11302614,434172,152330937,4663926,7068438,2610586,73489,128663181,8756170,495148,145659068,4690337,7135601,2367908,76350,123349907,7433658,605307,144228657,4174386,7718366,2147927,73544,120222168,9243350,648916,143889206,4777311,7350136,1902880,73591,119375918,9685981,723389,147335574,4364342,7124688,1545414,65479,123724150,9897405,614096,138116391,4792545,9624048,2395716,51874,111785450,8858110,608648,141780201,4549708,8662966,1886084,77739,117200660,8777467,625577,148018853,5055567,7573969,2099309,96800,110008588,21029880,672505,1482236,127037376,5485377,7990211,1110809,97715,98088113,11900498,741853,1622800,141080368,5050605,8525682,1880188,99175,109477049,14163387,314296,1569987,130941839,6510780,9093533,2171971,92422,100119971,11305431,260528,1387203,121171139,6983377,7857119,2165517,127622,89614979,12660824,271017,1490685,119093484,8357028,7696566,2244761,95069,84815798,12788533,1582349,1513379,120438402,9078652,8670602,3087239,101434,81036342,16773761,341685,1348688,97588595,7196711,13517464,2102368,124599,59360705,13482132,358230,1446385,129419726,10885955,12785109,2076880,116928,53270540,22637653,322877,1669346,25654438,136681378,13824063,12172017,2177541,136879,52797273,26872467,401617,1571035,26728485,132684806,16214571,11471812,2290676,116318,51659482,23474860,430315,1534718,25492054,126981470,18518081,10887315,2443492,120084,48129522,20876423,440691,1454599,24111264,115018438,17879486,8976034,2290959,111760,40049314,20365246,463371,1458910,23423357,109728416,17707698,7967026,2177558,106455,35276236,21260644,556202,1401148,23275450,107100208,20097125,7904012,2350693,93501,31924320,19296492,511253,1233469,23689343
"강원도",34271959,651767,5425589,964588,1331,25444992,1764580,19112,33897866,727863,5703009,1100288,3994,24689747,1654314,18652,32506194,716922,6414340,1034816,3994,22666905,1655160,14057,31514547,630708,6215738,1235682,2662,21694436,1719995,15326,31147875,666712,6050901,1307162,2662,20967297,2129009,24131,31841578,574915,6388161,1362094,-,21228534,2238079,49795,29120961,567225,8012192,1064057,1957,17436936,2019550,19044,31245252,576071,8973837,1035943,-,18235520,2403090,20791,32467966,773803,8739253,1196515,174,17060467,4289481,23582,384692,29757219,719928,9957119,1656675,268,15115715,1863060,48342,396110,32995440,790616,9188927,1679876,337,18390476,2474285,25672,445253,32127144,1132642,8820226,1742372,538,16647346,3266940,24935,492145,30617933,1800753,8367178,2171989,810,15495155,2216047,52491,513509,29179325,1737417,8743102,993713,980,14847268,2433183,43551,380112,28473993,1815575,8789095,987357,776,13649320,2879624,26817,325430,24443887,1217331,9448526,1010805,783,9699364,2677484,36887,352706,45416977,922104,8673905,912300,1030,8768388,3210763,32923,703986,22191579,47854923,1106012,7573216,819624,684,8636905,7477735,29670,415756,21795321,48857041,2541414,6647886,779074,-,8630029,7338826,27644,2037704,20854464,46488194,3817166,5844800,708140,-,7402442,7557139,34459,1281897,19842152,47347824,3155090,4321975,729305,128,6265156,7217487,35713,4523822,21099147,41561108,2823571,3559933,656520,1,5350035,7702561,40483,585526,20842479,41312369,3155528,3260131,710120,-,4620587,7569018,44336,391826,21560823
"충청북도",37881702,1090,3551282,1071836,-,30984727,2210356,62411,39050098,8061,4582535,937306,93,31040332,2418063,63707,35326400,16578,5060166,1009715,192,26777599,2391943,70208,34276266,26754,5301429,930775,179,25431088,2461407,124634,34401588,31496,6012962,913133,-,25085930,2244645,113422,35832309,36532,6985652,745602,-,25233063,2736656,94805,33932270,44127,9898879,869972,-,20684161,2364965,70165,36555239,43296,11419878,832441,-,21432406,2744970,82248,34188482,47080,9594765,974492,741,19922358,3402165,102414,144467,31434204,49268,9949502,947026,10018,18068482,2051032,82579,276298,35333572,45661,8563921,923165,14012,22701285,2748865,90152,246511,34795970,47055,8771076,1085102,37558,21050103,3511869,85626,207581,32186536,47359,8784863,1052520,4567,19168537,2766432,138880,223378,32044297,49598,8672858,1119104,4406,18704855,3136764,147274,209437,31459936,49800,9529568,985172,5284,17267717,3285192,130898,206304,22936418,41261,6431505,1085278,5548,12106460,2920842,147240,198284,48418460,39460,5891156,1100496,5900,10853050,3199219,133274,214204,26981702,48197748,48591,5158890,1080274,3834,10932466,3272375,187119,314840,27199360,45867922,49135,4566237,1055126,-,9996821,3357186,159818,242585,26441013,42366347,57910,3768855,1058429,-,8993738,3169123,162029,211841,24944421,39672827,58025,2789187,1116791,826,7560751,2891393,156868,242964,24856021,37163027,64994,2288217,1079959,3,6472682,2786072,178639,232068,24060393,36566069,67859,2080155,1168499,-,5902118,2239505,165585,313030,24629318
"충청남도",44431869,4414571,2695816,1006084,1695180,31250853,3292070,77295,50222796,5014051,2718360,1030697,1691791,36353114,3357477,57306,38671217,5876717,2244702,1061465,1679371,24465943,3273057,69962,39723379,7314755,2115824,950427,1202198,24371401,3665072,103701,40552753,7556486,2366661,1126345,1182808,24472570,3740509,107374,44087214,8659534,2891614,1481530,1328687,25128800,4490738,106311,40903896,9395879,4125187,916406,1457000,21565168,3338401,105855,46299320,10482876,5258967,944671,1597433,23433472,4451081,130821,44292748,8919339,4335876,1148804,1520968,22460008,5401521,98774,407459,43531899,10483362,4694607,875639,1610527,21575527,3757591,95633,439013,53971229,12514378,4108243,1749532,1533193,28452218,5108483,64564,440617,52198147,11812915,4088055,1640867,1936211,27447128,4785692,42444,444835,52307334,14046760,3927897,1566108,2464033,25246257,4504375,75891,476015,52007913,14427831,3954809,2304697,2678022,23543515,4568395,55868,474778,52430089,14825062,4378051,2474917,2556660,21829258,5890134,57618,418389,51679402,13571283,3991407,2131781,2773333,15724330,12979169,77714,430386,64994870,11202572,3678279,1768055,2920602,14249741,5815137,91290,455673,24813519,65348386,11437426,3316912,1963706,3103196,13881608,6530477,72597,422277,24620188,66114157,13539231,3020143,1843458,3088413,13468074,6488150,112066,435329,24119292,63728613,13326637,2725185,2166468,3299673,12017395,8231467,95643,391833,21474311,62617953,12620559,2157602,2471481,3563521,10311008,8269082,93073,331330,22800298,58979028,11581624,1874702,2715424,3273443,8666223,7936358,119372,314573,22497308,60527948,12190975,1772201,3042732,3553186,7728656,7936818,133759,357793,23811828
"전라북도",39450484,106574,2919627,624680,60859,33218263,2364191,156291,37580988,105761,2694048,663330,79551,31494917,2385669,157712,33766965,94594,2490331,628970,72004,28192907,2220648,67511,32813280,91614,2143701,669764,96879,27475884,2247402,88035,31462341,92926,2067027,705812,70757,26047872,2380564,97383,32546980,25885,2450065,635869,92954,27403928,1793823,144457,29714627,25930,2779501,744642,86211,24290626,1711035,76681,32324078,27005,3134786,679578,62063,25812962,2500745,106940,29594853,29121,2757439,740337,65142,22628916,3006320,88760,278820,25832057,97841,2994324,403978,82268,19618945,2207696,119296,307710,32302570,131551,2824405,543337,54134,24903484,3434753,42952,367955,31441585,838304,2779796,636842,69187,23157386,3670285,41350,248435,29872169,1486489,2675138,1302264,74083,20542752,3501683,52583,237176,29321974,1707173,2500837,694854,31125,20030422,4061795,61549,234220,27608883,1676475,2700375,677920,61273,18440374,3726044,75486,250935,22323161,1463095,2870505,723792,65228,13181059,3650285,115535,253661,40372556,938753,2723642,667956,68238,11360972,3725330,107190,296276,20484200,43294114,1099506,2506694,684432,66043,11098560,4693299,112357,296663,22736561,41714079,748989,2326331,676279,54828,10547872,5148476,92000,297905,21821399,38821373,1113444,2115447,750710,53828,9257501,4799704,108087,310203,20312449,38816339,1373341,1704175,693348,58530,7772955,5102120,109143,325136,21677589,36067221,1189566,1504438,643054,51654,6611155,5132022,124963,334720,20475649,33508084,1361824,1403936,765750,53640,5875898,4483962,137873,317172,19108030
"전라남도",47668516,777531,2628074,606130,7147675,32543750,3915177,50179,47133115,999351,2667556,622679,7108563,31871675,3803172,60120,40832414,1121431,2420084,572518,7073144,25855694,3739771,49772,40813846,924972,2290298,1313246,7379870,24828835,4027427,49198,39868761,871365,2044254,1111968,7499990,24441370,3856409,43405,37841984,1235188,1988293,696058,4940136,25445285,3464724,72299,35274474,1351888,2313724,924682,5460721,21810960,3335684,76814,37401089,2103828,2308268,659221,5496958,22652207,4126299,54308,36225328,1689875,2158119,1694899,4898811,20493187,4828280,50722,411433,33054438,1510956,2066991,1858786,4952553,18347999,3813043,73862,430248,40274945,1633438,1439045,1744236,5347883,24654993,5024215,64337,366799,40760391,1999949,1516304,1821792,6213555,23202283,5668220,57485,280801,39534929,2087878,1451708,2162120,6633453,20660519,5536919,644106,358227,38494537,2177661,1433448,1908574,6350888,20119931,5607213,523747,373076,37694458,2610018,1429345,2575927,6261273,18116411,5772322,511726,417435,34003081,4146281,2603145,2436081,6305172,11899413,6092642,93967,426381,65661728,5659206,2471739,2137606,6579774,10731056,6339520,75261,411516,31256050,67747318,5493046,2280602,1954866,6631042,10610579,11324338,109700,367307,28975837,69027177,6231748,2210836,1849170,6781732,10350376,13670997,102142,446703,27383472,67452441,6859723,2017542,2025101,6795264,9191276,13858660,95271,400651,26208953,66985911,5934084,1743324,2493949,6632027,7774348,14997132,87232,412079,26911735,64540534,5304443,1564091,2430049,6332082,6631305,15234335,166941,379134,26498153,64187201,5737517,1495289,2189661,6380120,6018826,15058718,156956,393172,26756944
"경상북도",64463678,178933,5347156,1339326,3167792,49528272,4768320,133878,63083565,192886,6290333,1414476,2325185,47887238,4860325,113122,56370643,206295,7179784,1496241,2062311,40527349,4813342,85319,54152100,134950,7270569,1563180,1654269,38680317,4786326,62488,54902576,130771,7791092,1261291,2435220,38248667,4961070,74465,55695646,138149,9255192,1399342,2161117,38718484,3955974,67388,55187481,151289,13144683,1705468,1957711,34269654,3893491,65184,61120951,126697,15412172,1443938,1892402,36608211,5534820,102711,58729506,129352,14141781,1735679,2818267,33601240,5750879,62984,489324,56355272,136052,15726079,1767922,2524727,31052382,4510500,96764,540847,66267445,129677,13411541,1545558,1443662,41219119,7658236,66948,792705,62829379,144524,13652819,1772836,1727467,37308996,7542993,73616,606128,59615501,148402,14255871,2116928,1721209,34542703,5192388,103745,1534256,58673736,152189,14024876,2450591,2112071,33542126,5868306,87821,435754,56979869,192959,14286576,2545327,1792411,30780020,6721604,88064,572907,47142760,964825,12348859,2394450,1935546,22333743,6596642,84816,483880,94249353,761387,11281067,2613513,2011186,20468235,7205597,80757,506041,49321570,97589986,879184,9865468,2050790,2126275,19928085,12408287,103525,636160,49592211,93031680,583251,8665379,2109419,1992306,19132523,12083903,110979,636536,47717386,89935313,805384,7549998,2148299,2033563,16744056,13255965,98033,549136,46750878,85092250,696444,5614613,2158054,2032915,14312067,12721631,162429,507519,46886578,85269563,621929,4607777,2225333,1873477,12024370,13516798,195092,3320303,46884485,83615889,656964,4271805,2154869,1900754,10931187,13251368,159160,1056088,49233693
"경상남도",53770091,3216398,2296311,901043,3499,44104479,3178401,69961,54093439,3845651,2192857,890097,3030,43326026,3712152,123626,52556110,4313982,2059697,880800,3440,41362478,3817636,118078,51996534,4386024,1941328,838695,3519,40604334,4052435,170198,51637221,4570017,1952146,1180554,7779,40058642,3691766,176318,49800539,4655510,2004695,668150,3444,38920952,3378336,169454,48179739,4684034,2541546,844373,3068,36230864,3723002,152851,51591731,4685208,2901585,1021986,3984,37892722,4915039,171207,51174728,4901971,2590697,811848,901,36186965,5842203,201362,638781,46089407,4593555,3037378,746252,1885,33608161,3361004,201774,539399,55053536,5555809,2846270,884005,6785,40457476,4561102,80730,661359,52233032,6086690,2701028,1025497,7812,37251937,4557490,92080,510498,50822971,6220213,2426782,1008418,8100,34916995,5526977,92318,623169,51342697,6609281,2621221,1173331,34595,33949123,6293399,122039,539709,47055379,6171039,2702613,1012335,8389,30568820,5951543,95611,545028,39337751,5787560,3043329,942580,8119,22623650,6257113,127742,547658,54947931,5696927,2876011,852764,9033,20058714,5469162,116794,601147,19267378,63349439,5873491,2703450,828841,7366,19420319,14273996,133018,560801,19548157,61220998,5566794,2554665,888526,4126,18264627,13422438,161851,625861,19732110,58223696,5348688,2342843,1048950,-,16032357,12785802,186163,529124,19949769,54256663,4775719,1973265,821617,442,13499589,13166530,218740,489045,19311716,51287193,3311665,1823537,721864,2,11492270,14137945,162975,508048,19128886,50349340,4104827,1795598,736287,5109,10270412,14541316,150956,505006,18239828
"제주특별자치도",10971963,855956,400594,18694,-,8715690,978543,2487,10177489,740255,355552,9150,47,8017179,1052918,2388,9753025,901775,365820,12403,-,7477798,993436,1793,9809243,940849,326832,10713,179,7402431,1122887,5354,9362607,943068,276866,13060,-,6819306,1283641,26666,9213425,997967,219608,11702,-,6938132,1016634,29381,9264074,1448339,161135,11093,-,6696961,912874,33672,7566331,1719922,87701,6551,-,4741243,968503,42411,9656205,1484399,119394,8553,48,6132748,1787649,41557,81857,8372510,1229348,110471,9266,78,5224069,1643319,57674,98285,9899053,1723714,118944,7107,59,6279470,1632327,17580,119852,9750911,1796823,162615,6362,169,5691634,1970219,20931,102157,11323780,2085262,126962,6273,178,5439879,3523621,23983,117622,9906962,1751913,109257,6459,240,5584158,2325631,25847,103457,9918769,1735284,109868,6158,228,5350356,2579747,25124,112004,9559571,1393499,97621,5185,179,5179030,2773911,22858,87287,12013058,1287199,109264,9888,1264,5282457,3130623,21652,89815,2080898,23347080,1072114,135436,5602,245,5771331,13981255,54149,85354,2241594,22767115,855153,141478,4111,-,5407335,13965905,50767,111674,2230694,22886027,900203,149281,2974,-,4919177,14696683,53903,94573,2069233,22855281,918950,132470,3288,48,4144648,15321843,68622,90261,2175152,22957165,775500,202523,2955,0,3584881,16041656,42853,79231,2227566,23120599,951913,242643,2962,-,3271605,16334365,29083,80893,2207135
"바다",-,-,-,-,-,-,-,-,-,-,-,-,-,-,-,-,-,-,-,-,-,-,-,-,-,-,-,-,-,-,-,-,-,-,-,-,-,-,-,-,-,-,-,-,-,-,-,-,-,-,-,-,-,-,-,-,-,-,-,-,-,-,-,-,-,-,-,-,-,-,-,-,-,-,-,-,-,-,-,-,-,-,-,-,-,-,-,-,-,-,-,-,-,-,-,-,-,-,-,-,-,-,-,-,-,-,-,-,-,-,-,-,-,-,-,-,-,-,-,-,-,-,-,-,-,-,-,44233934,-,-,-,-,-,44233934,-,-,45850100,-,-,-,-,-,45850100,-,-,-,44792754,-,-,-,-,-,44792754,-,-,-,46613482,-,-,-,-,-,46613482,-,-,-,45327175,-,-,-,-,-,45327175,-,-,-,47332678,-,-,-,-,-,47332678,-,-,-,47036312,-,-,-,-,-,47036312,-,-,-,47224123,-,-,-,-,-,47224123,-,-,-
"수도권",381325646,9991861,20084416,3595744,743516,329135141,17196262,578705,393422623,9906394,19471339,3665967,1045572,342501499,16161180,670672,383022550,10312094,18871995,3893242,966022,332788833,15384302,806062,363254529,10095990,18244220,3592999,505057,309794361,20121095,900807,355806825,10221338,17304024,3074249,666881,302406848,21110226,1023259,357183216,10877592,17929371,2424519,587925,305593493,18876022,894293,345207829,12574773,23609430,3758844,750866,284497422,19099540,916953,352248057,13489321,23297853,3421624,847189,295312875,14859014,1020181,349169682,15851700,21335989,3433907,1109097,255652990,47920142,1134222,2731635,289314162,15719915,21524686,1998800,672131,224671405,20478109,1295852,2953263,331213283,15164044,23974000,2771795,683025,261895903,23459889,465564,2799064,306562996,19954424,24843143,3097220,644860,232085249,23025990,406905,2505206,275971121,21216221,22813510,3185033,705058,201394700,23560289,506521,2589789,265340257,24027182,22215571,3188988,714060,186820217,23871860,1892626,2609752,264937991,26435002,27764679,4183478,583631,173426505,29568309,553457,2422930,196993957,21632794,25381895,3151137,1016108,117451951,25146041,626684,2587348,222015060,22410284,24442412,2938241,1012050,100992902,38387946,522583,2839284,28469359,-,-,-,-,-,-,-,-,-,-,-,-,-,-,-,-,-,-,-,-,-,-,-,-,-,-,-,-,-,-,-,-,-,-,-,-,-,-,-,-,-,-,-,-,-,-,-,-,-,-,-,-,-,-,-,-,-,-,-,-
"수도권 대기관리권역",364689617,9972392,19443979,3411358,700829,314664593,15934906,561560,376050544,9831424,18822611,3441563,979792,327560204,14752578,662371,366960997,10229240,18195270,3671007,906254,318492331,14670053,796840,347000699,10095990,17520055,3368572,439386,295444965,19234631,897099,338914628,10221338,16612100,2848118,606086,287389344,20220355,1017287,341383516,10877592,17272057,2234197,536865,291807109,17773220,882475,331398891,12574773,22795334,3446059,703219,272873710,18102261,903535,335915083,12452937,22585797,3125514,783676,282393355,13590263,983541,331699501,15851700,19230975,3092157,1032530,243798287,45130991,1104735,2458126,273497226,15719915,19216866,1642223,590064,213760617,18651712,1268746,2647084,312747398,15164044,21886393,2490556,597915,248137251,21527439,441331,2502469,291116803,19954424,24028631,2763429,571590,220344036,20861425,395595,2197673,262465050,21216221,22037951,2872851,628306,190551533,22328651,489343,2340196,251747991,24027182,21465688,2808541,642642,176597714,22004115,1869362,2332747,250145045,26435002,26933948,3837234,507280,162102163,27622152,517780,2189487,183043243,21632794,22565106,2919740,936546,108893069,23182448,601621,2311919,195671642,20792713,21815576,2674332,925672,92943718,36160402,489358,2411985,17457887,-,-,-,-,-,-,-,-,-,-,-,-,-,-,-,-,-,-,-,-,-,-,-,-,-,-,-,-,-,-,-,-,-,-,-,-,-,-,-,-,-,-,-,-,-,-,-,-,-,-,-,-,-,-,-,-,-,-,-,-
"부산 대기관리 규제지역",-,-,-,-,-,-,-,-,-,-,-,-,-,-,-,-,-,-,-,-,-,-,-,-,-,-,-,-,-,-,-,-,-,-,-,-,-,-,-,-,-,-,-,-,-,-,-,-,-,-,-,-,-,-,-,-,-,-,-,-,-,-,-,-,-,-,-,-,-,-,-,-,-,-,-,-,-,-,-,-,-,-,-,-,-,-,-,-,-,-,-,-,-,-,-,-,-,-,-,-,-,-,-,-,-,-,-,-,-,-,-,-,-,-,-,-,-,-,-,-,-,-,-,-,-,-,-,-,-,-,-,-,-,-,-,-,22200173,1612014,2443548,522302,1575,11395440,5310477,25437,307823,581557,-,-,-,-,-,-,-,-,-,-,-,-,-,-,-,-,-,-,-,-,-,-,-,-,-,-,-,-,-,-,-,-,-,-,-,-,-,-,-,-,-,-,-,-,-,-,-,-,-,-,-,-,-,-,-,-,-,-,-,-
"대구 대기관리 규제지역",-,-,-,-,-,-,-,-,-,-,-,-,-,-,-,-,-,-,-,-,-,-,-,-,-,-,-,-,-,-,-,-,-,-,-,-,-,-,-,-,-,-,-,-,-,-,-,-,-,-,-,-,-,-,-,-,-,-,-,-,-,-,-,-,-,-,-,-,-,-,-,-,-,-,-,-,-,-,-,-,-,-,-,-,-,-,-,-,-,-,-,-,-,-,-,-,-,-,-,-,-,-,-,-,-,-,-,-,-,-,-,-,-,-,-,-,-,-,-,-,-,-,-,-,-,-,-,-,-,-,-,-,-,-,-,-,17985221,776484,2822354,271929,994,11349976,1369790,22343,238598,1132753,-,-,-,-,-,-,-,-,-,-,-,-,-,-,-,-,-,-,-,-,-,-,-,-,-,-,-,-,-,-,-,-,-,-,-,-,-,-,-,-,-,-,-,-,-,-,-,-,-,-,-,-,-,-,-,-,-,-,-,-
"광양 특별 대책지역",-,-,-,-,-,-,-,-,-,-,-,-,-,-,-,-,-,-,-,-,-,-,-,-,-,-,-,-,-,-,-,-,-,-,-,-,-,-,-,-,-,-,-,-,-,-,-,-,-,-,-,-,-,-,-,-,-,-,-,-,-,-,-,-,-,-,-,-,-,-,-,-,-,-,-,-,-,-,-,-,-,-,-,-,-,-,-,-,-,-,-,-,-,-,-,-,-,-,-,-,-,-,-,-,-,-,-,-,-,-,-,-,-,-,-,-,-,-,-,-,-,-,-,-,-,-,-,-,-,-,-,-,-,-,-,-,19914215,5657507,568261,1889547,6579311,2434454,459052,19514,78966,2227602,-,-,-,-,-,-,-,-,-,-,-,-,-,-,-,-,-,-,-,-,-,-,-,-,-,-,-,-,-,-,-,-,-,-,-,-,-,-,-,-,-,-,-,-,-,-,-,-,-,-,-,-,-,-,-,-,-,-,-,-
